{
    "id": "cloudinary-cli",
    "version": "1.0.15",
    "name": "cloudinary-cli (via pipx)",
    "documentationURL": "http://github.com/devcontainers-contrib/features/tree/main/src/cloudinary-cli",
    "description": "Cloudinary CLI.",
    "options": {
        "version": {
            "default": "latest",
            "description": "Select the version of cloudinary-cli to install.",
            "proposals": [
                "latest"
            ],
            "type": "string"
        }
    },
    "installsAfter": [
        "ghcr.io/devcontainers-contrib/features/pipx-package",
        "ghcr.io/devcontainers/features/python"
    ]
}