{
    "id": "dasel-asdf",
    "version": "2.0.14",
    "name": "Dasel (via asdf)",
    "documentationURL": "http://github.com/devcontainers-contrib/features/tree/main/src/dasel-asdf",
    "description": "Dasel (short for data-selector) allows you to query and modify data structures using selector strings.",
    "options": {
        "version": {
            "default": "latest",
            "description": "Select the version to install.",
            "proposals": [
                "latest"
            ],
            "type": "string"
        }
    },
    "installsAfter": [
        "ghcr.io/devcontainers-contrib/features/asdf-package"
    ]
}