{
    "id": "codenotary-cas",
    "version": "1.0.7",
    "name": "Codenotary Community Attestation Service (CAS) (via Github Releases)",
    "documentationURL": "http://github.com/devcontainers-contrib/features/tree/main/src/codenotary-cas",
    "description": "Community Attestation Service (CAS) can give any digital asset a meaningful, globally-unique, immutable identity that is authentic, verifiable, traceable from anywhere.",
    "options": {
        "version": {
            "default": "latest",
            "description": "Select the version to install.",
            "proposals": [
                "latest"
            ],
            "type": "string"
        }
    },
    "installsAfter": [
        "ghcr.io/devcontainers-contrib/features/gh-release"
    ]
}