{
    "id": "copier",
    "version": "7.0.12",
    "name": "copier (via pipx)",
    "documentationURL": "http://github.com/devcontainers-contrib/features/tree/main/src/copier",
    "description": "copier creates projects from project templates.",
    "options": {
        "version": {
            "default": "latest",
            "description": "Select the version to install.",
            "proposals": [
                "latest"
            ],
            "type": "string"
        }
    },
    "installsAfter": [
        "ghcr.io/devcontainers-contrib/features/pipx-package",
        "ghcr.io/devcontainers/features/python"
    ]
}