{
    "id": "ddgr-homebrew",
    "version": "1.0.18",
    "name": "ddgr (via Homebrew)",
    "documentationURL": "http://github.com/devcontainers-contrib/features/tree/main/src/ddgr-homebrew",
    "description": "ddgr is a cmdline utility to search DuckDuckGo from the terminal.",
    "options": {
        "version": {
            "default": "latest",
            "description": "Select the version to install.",
            "proposals": [
                "latest"
            ],
            "type": "string"
        }
    },
    "installsAfter": [
        "ghcr.io/devcontainers-contrib/features/homebrew-package"
    ]
}