{
    "id": "activemq-sdkman",
    "version": "2.0.14",
    "name": "Apache ActiveMQ (Classic) (via SDKMAN)",
    "documentationURL": "http://github.com/devcontainers-contrib/features/tree/main/src/activemq-sdkman",
    "description": "Apache ActiveMQ\u00ae is a popular open source, multi-protocol, Java-based message\nbroker. It supports industry standard protocols so users get the benefits of\nclient choices across a broad range of languages and platforms. Connect from\nclients written in JavaScript, C, C++, Python, .Net, and more. Integrate your\nmulti-platform applications using the ubiquitous AMQP protocol. Exchange\nmessages between your web applications using STOMP over websockets. Manage your\nIoT devices using MQTT. Support your existing JMS infrastructure and beyond.\nActiveMQ offers the power and flexibility to support any messaging use-case.",
    "options": {
        "version": {
            "default": "latest",
            "description": "Select the version of Apache ActiveMQ (Classic) to install.",
            "proposals": [
                "latest"
            ],
            "type": "string"
        },
        "jdkVersion": {
            "default": "latest",
            "description": "Select or enter a JDK version to install.",
            "proposals": [
                "latest",
                "none",
                "17",
                "11",
                "8"
            ],
            "type": "string"
        },
        "jdkDistro": {
            "default": "ms",
            "description": "Select or enter a JDK distribution to install",
            "proposals": [
                "ms",
                "open",
                "oracle",
                "tem"
            ],
            "type": "string"
        }
    },
    "installsAfter": [
        "ghcr.io/ebaskoro/devcontainer-features/sdkman",
        "ghcr.io/devcontainers/features/java"
    ]
}