{
    "id": "eget",
    "version": "1.0.12",
    "name": "Eget (via Github Releases)",
    "documentationURL": "http://github.com/devcontainers-contrib/features/tree/main/src/eget",
    "description": "Eget easily install prebuilt binaries from GitHub.",
    "options": {
        "version": {
            "default": "latest",
            "description": "Select the version to install.",
            "proposals": [
                "latest"
            ],
            "type": "string"
        }
    },
    "installsAfter": [
        "ghcr.io/devcontainers-contrib/features/gh-release"
    ]
}