{
    "id": "bikeshed",
    "version": "2.0.16",
    "name": "Bikeshed (via pipx)",
    "documentationURL": "http://github.com/devcontainers-contrib/features/tree/main/src/bikeshed",
    "description": "A preprocessor for anyone writing specifications that converts source files into actual specs.",
    "options": {
        "version": {
            "default": "latest",
            "description": "Select the version to install.",
            "proposals": [
                "latest"
            ],
            "type": "string"
        }
    },
    "installsAfter": [
        "ghcr.io/devcontainers-contrib/features/pipx-package",
        "ghcr.io/devcontainers/features/python"
    ]
}