{
    "name": "DigitalOcean CLI (via Github Releases)",
    "id": "digitalocean-cli",
    "version": "1.0.3",
    "description": "DigitalOcean CLI allows you to interact with the DigitalOcean API via the command line",
    "documentationURL": "https://github.com/devcontainers-contrib/features/tree/main/src/digitalocean-cli",
    "options": {
        "version": {
            "type": "string",
            "proposals": [
                "latest",
                "1.84.1"
            ],
            "default": "latest",
            "description": "Select the DigitalOcean CLI version you would like to install"
        }
    }
}