{
    "id": "dashlane-cli",
    "version": "1.0.12",
    "name": "Dashlane CLI (via Github Releases)",
    "documentationURL": "http://github.com/devcontainers-contrib/features/tree/main/src/dashlane-cli",
    "description": "Dashlane Command Line Interface allows you to get your passwords, otp and secure notes right from your terminal.",
    "options": {
        "version": {
            "default": "latest",
            "description": "Select the version to install.",
            "proposals": [
                "latest"
            ],
            "type": "string"
        }
    },
    "installsAfter": [
        "ghcr.io/devcontainers-contrib/features/gh-release"
    ]
}