{
    "id": "curl-homebrew",
    "version": "1.0.18",
    "name": "cURL (via Homebrew)",
    "documentationURL": "http://github.com/devcontainers-contrib/features/tree/main/src/curl-homebrew",
    "description": "cURL is a computer software project providing a library and command-line tool for transferring data using various network protocols.",
    "options": {
        "version": {
            "default": "latest",
            "description": "Select the version to install.",
            "proposals": [
                "latest"
            ],
            "type": "string"
        }
    },
    "installsAfter": [
        "ghcr.io/devcontainers-contrib/features/homebrew-package"
    ]
}