{
    "id": "aws-cdk",
    "version": "2.0.14",
    "name": "AWS Cloud Development Kit (AWS CDK) (via npm)",
    "documentationURL": "http://github.com/devcontainers-contrib/features/tree/main/src/aws-cdk",
    "description": "AWS CDK is an open-source software development framework to define cloud infrastructure in code and provision it through AWS CloudFormation.",
    "options": {
        "version": {
            "default": "latest",
            "description": "Select the version of AWS Cloud Development Kit (AWS CDK) to install.",
            "proposals": [
                "latest"
            ],
            "type": "string"
        }
    },
    "installsAfter": [
        "ghcr.io/devcontainers-contrib/features/npm-package"
    ]
}