{
    "id": "elasticsearch-asdf",
    "version": "2.0.14",
    "name": "Elasticsearch (via asdf)",
    "documentationURL": "http://github.com/devcontainers-contrib/features/tree/main/src/elasticsearch-asdf",
    "description": "Elasticsearch is a search engine based on the Lucene library.",
    "options": {
        "version": {
            "default": "latest",
            "description": "Select the version to install.",
            "proposals": [
                "latest"
            ],
            "type": "string"
        }
    },
    "installsAfter": [
        "ghcr.io/devcontainers-contrib/features/asdf-package"
    ]
}