{
    "id": "exa",
    "version": "1.0.12",
    "name": "exa (via Github Releases)",
    "documentationURL": "http://github.com/devcontainers-contrib/features/tree/main/src/exa",
    "description": "exa is a modern replacement for ls.",
    "options": {
        "version": {
            "default": "latest",
            "description": "Select the version to install.",
            "proposals": [
                "latest"
            ],
            "type": "string"
        }
    },
    "installsAfter": [
        "ghcr.io/devcontainers-contrib/features/gh-release"
    ]
}