{
    "id": "btop-homebrew",
    "version": "1.0.18",
    "name": "btop (via Homebrew)",
    "documentationURL": "http://github.com/devcontainers-contrib/features/tree/main/src/btop-homebrew",
    "description": "btop is a resource monitor that shows usage and stats for processor, memory, disks, network and processes.",
    "options": {
        "version": {
            "default": "latest",
            "description": "Select the version to install.",
            "proposals": [
                "latest"
            ],
            "type": "string"
        }
    },
    "installsAfter": [
        "ghcr.io/devcontainers-contrib/features/homebrew-package"
    ]
}