{
    "id": "bomber",
    "version": "1.0.7",
    "name": "bomber (via Github Releases)",
    "documentationURL": "http://github.com/devcontainers-contrib/features/tree/main/src/bomber",
    "description": "bomber is an application that scans SBOMs for security vulnerabilities.",
    "options": {
        "version": {
            "default": "latest",
            "description": "Select the version to install.",
            "proposals": [
                "latest"
            ],
            "type": "string"
        }
    },
    "installsAfter": [
        "ghcr.io/devcontainers-contrib/features/gh-release"
    ]
}