{
    "id": "ballerina-sdkman",
    "version": "2.0.14",
    "name": "Ballerina (via SDKMAN)",
    "documentationURL": "http://github.com/devcontainers-contrib/features/tree/main/src/ballerina-sdkman",
    "description": "Open source programming language and platform for cloud-era application\nprogrammers to easily write software that just works.",
    "options": {
        "version": {
            "default": "latest",
            "description": "Select the version to install.",
            "proposals": [
                "latest"
            ],
            "type": "string"
        },
        "jdkVersion": {
            "default": "8",
            "description": "Select or enter a JDK version to install. (Notice Ballerina is supported only on JDK 1.8)",
            "proposals": [
                "none",
                "8"
            ],
            "type": "string"
        },
        "jdkDistro": {
            "default": "ms",
            "description": "Select or enter a JDK distribution to install",
            "proposals": [
                "ms",
                "open",
                "oracle",
                "tem"
            ],
            "type": "string"
        }
    },
    "installsAfter": [
        "ghcr.io/ebaskoro/devcontainer-features/sdkman",
        "ghcr.io/devcontainers/features/java"
    ]
}