{
    "id": "cloudflare-wrangler",
    "version": "1.0.1",
    "name": "Cloudflare Workers CLI (Wrangler) (via npm)",
    "documentationURL": "http://github.com/devcontainers-contrib/features/tree/main/src/cloudflare-wrangler",
    "description": "The Workers command-line interface, Wrangler, allows you to create, test, and deploy your Workers projects.",
    "options": {
        "version": {
            "default": "latest",
            "description": "Select the version to install.",
            "proposals": [
                "latest"
            ],
            "type": "string"
        }
    },
    "installsAfter": [
        "ghcr.io/devcontainers-contrib/features/npm-package"
    ]
}