{
    "id": "age",
    "version": "1.0.13",
    "name": "age (via Github Releases)",
    "documentationURL": "http://github.com/devcontainers-contrib/features/tree/main/src/age",
    "description": "age is a simple, modern and secure encryption tool (and Go library) with small explicit keys, no config options, and UNIX-style composability.",
    "options": {
        "version": {
            "default": "latest",
            "description": "Select the version to install.",
            "proposals": [
                "latest"
            ],
            "type": "string"
        }
    },
    "installsAfter": [
        "ghcr.io/devcontainers-contrib/features/gh-release"
    ]
}