{
    "id": "exercism-cli",
    "version": "1.0.4",
    "name": "Exercism CLI (via Github Releases)",
    "documentationURL": "http://github.com/devcontainers-contrib/features/tree/main/src/exercism-cli",
    "description": "Exercism CLI  is the link between the Exercism website and your local work environment. It lets you download exercises and submit your solution to the site.",
    "options": {
        "version": {
            "default": "latest",
            "description": "Select the version to install.",
            "proposals": [
                "latest"
            ],
            "type": "string"
        }
    },
    "installsAfter": [
        "ghcr.io/devcontainers-contrib/features/gh-release"
    ]
}