{
    "id": "auditjs",
    "version": "1.0.4",
    "name": "AuditJS (via npm)",
    "documentationURL": "http://github.com/devcontainers-contrib/features/tree/main/src/auditjs",
    "description": "AuditJS audits an NPM package.json file to identify known vulnerabilities.",
    "options": {
        "version": {
            "default": "latest",
            "description": "Select the version to install.",
            "proposals": [
                "latest"
            ],
            "type": "string"
        }
    },
    "installsAfter": [
        "ghcr.io/devcontainers-contrib/features/npm-package"
    ]
}