{
    "id": "cloudflared-fips",
    "version": "1.0.5",
    "name": "Cloudflare Tunnel client (FIPS) (via Github Releases)",
    "documentationURL": "http://github.com/devcontainers-contrib/features/tree/main/src/cloudflared-fips",
    "description": "Cloudflare Tunnel client is a command-line client for Cloudflare Tunnel, a tunneling daemon that proxies traffic from the Cloudflare network to your origins. This daemon sits between Cloudflare network and your origin (e.g. a webserver).",
    "options": {
        "version": {
            "default": "latest",
            "description": "Select the version to install.",
            "proposals": [
                "latest"
            ],
            "type": "string"
        }
    },
    "installsAfter": [
        "ghcr.io/devcontainers-contrib/features/gh-release"
    ]
}