{
    "id": "blackbox-exporter",
    "version": "1.0.0",
    "name": "Prometheus Blackbox Exporter (via Github Releases)",
    "documentationURL": "http://github.com/devcontainers-contrib/features/tree/main/src/blackbox-exporter",
    "description": "The blackbox exporter allows blackbox probing of endpoints over HTTP, HTTPS, DNS, TCP, ICMP and gRPC.",
    "options": {
        "version": {
            "default": "latest",
            "description": "Select the version to install.",
            "proposals": [
                "latest"
            ],
            "type": "string"
        }
    },
    "installsAfter": [
        "ghcr.io/devcontainers-contrib/features/gh-release"
    ]
}