{
    "id": "actionlint",
    "version": "1.0.4",
    "name": "actionlint (via Github Releases)",
    "documentationURL": "http://github.com/devcontainers-contrib/features/tree/main/src/actionlint",
    "description": "Static checker for GitHub Actions workflow files.",
    "options": {
        "version": {
            "default": "latest",
            "description": "Select the version to install.",
            "proposals": [
                "latest"
            ],
            "type": "string"
        }
    },
    "installsAfter": [
        "ghcr.io/devcontainers-contrib/features/gh-release"
    ]
}