{
    "id": "crystal-asdf",
    "version": "2.0.14",
    "name": "Crystal (via asdf)",
    "documentationURL": "http://github.com/devcontainers-contrib/features/tree/main/src/crystal-asdf",
    "description": "Crystal is a general-purpose, object-oriented programming language",
    "options": {
        "version": {
            "default": "latest",
            "description": "Select the version to install.",
            "proposals": [
                "latest"
            ],
            "type": "string"
        }
    },
    "installsAfter": [
        "ghcr.io/devcontainers-contrib/features/asdf-package"
    ]
}