{
    "id": "chisel",
    "version": "1.0.1",
    "name": "Chisel (via Github Releases)",
    "documentationURL": "http://github.com/devcontainers-contrib/features/tree/main/src/chisel",
    "description": "Chisel is a fast TCP/UDP tunnel, transported over HTTP, secured via SSH.",
    "options": {
        "version": {
            "default": "latest",
            "description": "Select the version to install.",
            "proposals": [
                "latest"
            ],
            "type": "string"
        }
    },
    "installsAfter": [
        "ghcr.io/devcontainers-contrib/features/gh-release"
    ]
}