{
    "id": "etcd",
    "version": "1.0.9",
    "name": "etcd (via Github Releases)",
    "documentationURL": "http://github.com/devcontainers-contrib/features/tree/main/src/etcd",
    "description": "etcd is a distributed reliable key-value store for the most critical data of a distributed system.",
    "options": {
        "version": {
            "default": "latest",
            "description": "Select the version to install.",
            "proposals": [
                "latest"
            ],
            "type": "string"
        }
    },
    "installsAfter": [
        "ghcr.io/devcontainers-contrib/features/gh-release"
    ]
}