{
    "id": "autoenv",
    "version": "1.0.4",
    "name": "Autoenv (via npm)",
    "documentationURL": "http://github.com/devcontainers-contrib/features/tree/main/src/autoenv",
    "description": "Autoenv is a tool which automatically reads and setups configuration from a . env file when you cd to a directory.",
    "options": {
        "version": {
            "default": "latest",
            "description": "Select the version to install.",
            "proposals": [
                "latest"
            ],
            "type": "string"
        }
    },
    "installsAfter": [
        "ghcr.io/devcontainers-contrib/features/npm-package"
    ]
}