{
    "id": "erlang-asdf",
    "version": "2.0.17",
    "name": "Erlang (via asdf)",
    "documentationURL": "http://github.com/devcontainers-contrib/features/tree/main/src/erlang-asdf",
    "description": "Erlang is a general-purpose, concurrent, functional programming language, and a garbage-collected runtime system.",
    "options": {
        "version": {
            "default": "latest",
            "description": "Select the version to install.",
            "proposals": [
                "latest"
            ],
            "type": "string"
        }
    },
    "installsAfter": [
        "ghcr.io/devcontainers-contrib/features/asdf-package",
        "ghcr.io/devcontainers-contrib/features/apt-get-packages"
    ]
}