{
    "id": "alp-asdf",
    "version": "2.0.14",
    "name": "alp (via asdf)",
    "documentationURL": "http://github.com/devcontainers-contrib/features/tree/main/src/alp-asdf",
    "description": "Installs alp",
    "options": {
        "version": {
            "default": "latest",
            "description": "Select the version to install.",
            "proposals": [
                "latest"
            ],
            "type": "string"
        }
    },
    "installsAfter": [
        "ghcr.io/devcontainers-contrib/features/asdf-package"
    ]
}