{
    "id": "express-generator",
    "version": "2.0.14",
    "name": "Express Application Generator (via npm)",
    "documentationURL": "http://github.com/devcontainers-contrib/features/tree/main/src/express-generator",
    "description": "Express Application Generator is a handy tool for creating skeleton Express web apps.",
    "options": {
        "version": {
            "default": "latest",
            "description": "Select the version of Express Application Generator to install.",
            "proposals": [
                "latest"
            ],
            "type": "string"
        }
    },
    "installsAfter": [
        "ghcr.io/devcontainers-contrib/features/npm-package"
    ]
}