{
    "id": "fd",
    "version": "1.0.12",
    "name": "fd (via Github Releases)",
    "documentationURL": "http://github.com/devcontainers-contrib/features/tree/main/src/fd",
    "description": "fd is a simple, fast and user-friendly alternative to 'find'.",
    "options": {
        "version": {
            "default": "latest",
            "description": "Select the version to install.",
            "proposals": [
                "latest"
            ],
            "type": "string"
        }
    },
    "installsAfter": [
        "ghcr.io/devcontainers-contrib/features/gh-release"
    ]
}