{
    "id": "cmctl-asdf",
    "version": "2.0.14",
    "name": "cmctl (via asdf)",
    "documentationURL": "http://github.com/devcontainers-contrib/features/tree/main/src/cmctl-asdf",
    "description": "cmctl is a command line tool that can help you manage cert-manager and its resources inside your cluster.",
    "options": {
        "version": {
            "default": "latest",
            "description": "Select the version to install.",
            "proposals": [
                "latest"
            ],
            "type": "string"
        }
    },
    "installsAfter": [
        "ghcr.io/devcontainers-contrib/features/asdf-package"
    ]
}