{
    "id": "eas-cli",
    "version": "1.0.9",
    "name": "EAS CLI (via npm)",
    "documentationURL": "http://github.com/devcontainers-contrib/features/tree/main/src/eas-cli",
    "description": "EAS CLI is the command line app you will use to interact with EAS services from your terminal.",
    "options": {
        "version": {
            "default": "latest",
            "description": "Select the version of EAS CLI to install.",
            "proposals": [
                "latest"
            ],
            "type": "string"
        }
    },
    "installsAfter": [
        "ghcr.io/devcontainers-contrib/features/npm-package"
    ]
}