{
    "id": "concurnas-sdkman",
    "version": "2.0.14",
    "name": "Concurnas (via SDKMAN)",
    "documentationURL": "http://github.com/devcontainers-contrib/features/tree/main/src/concurnas-sdkman",
    "description": "Concurnas is an open source JVM programming language designed for building\nreliable, scalable, high performance concurrent, distributed and parallel\nsystems.",
    "options": {
        "version": {
            "default": "latest",
            "description": "Select the version to install.",
            "proposals": [
                "latest"
            ],
            "type": "string"
        },
        "jdkVersion": {
            "default": "11",
            "description": "Select or enter a JDK version to install. (compatability chart for concurnas can be found here https://concurnas.com/download.html)",
            "proposals": [
                "11",
                "8"
            ],
            "type": "string"
        },
        "jdkDistro": {
            "default": "ms",
            "description": "Select or enter a JDK distribution to install",
            "proposals": [
                "ms",
                "open",
                "oracle",
                "tem"
            ],
            "type": "string"
        }
    },
    "installsAfter": [
        "ghcr.io/ebaskoro/devcontainer-features/sdkman",
        "ghcr.io/devcontainers/features/java"
    ]
}