{
    "id": "duf",
    "version": "1.0.12",
    "name": "duf (Disk Usage/Free Utility) (via Github Releases)",
    "documentationURL": "http://github.com/devcontainers-contrib/features/tree/main/src/duf",
    "description": "duf is a better 'df' alternative.",
    "options": {
        "version": {
            "default": "latest",
            "description": "Select the version to install.",
            "proposals": [
                "latest"
            ],
            "type": "string"
        }
    },
    "installsAfter": [
        "ghcr.io/devcontainers-contrib/features/gh-release"
    ]
}