{
    "id": "apko",
    "version": "1.0.7",
    "name": "apko (via Github Releases)",
    "documentationURL": "http://github.com/devcontainers-contrib/features/tree/main/src/apko",
    "description": "apko is an apk-based OCI image builder",
    "options": {
        "version": {
            "default": "latest",
            "description": "Select the version to install.",
            "proposals": [
                "latest"
            ],
            "type": "string"
        }
    },
    "installsAfter": [
        "ghcr.io/devcontainers-contrib/features/gh-release"
    ]
}