{
    "id": "envoy",
    "version": "1.0.3",
    "name": "Envoy (via Github Releases)",
    "documentationURL": "http://github.com/devcontainers-contrib/features/tree/main/src/envoy",
    "description": "Envoy is an L7 proxy and communication bus designed for large modern service oriented architectures.",
    "options": {
        "version": {
            "default": "latest",
            "description": "Select the version to install.",
            "proposals": [
                "latest"
            ],
            "type": "string"
        }
    },
    "installsAfter": [
        "ghcr.io/devcontainers-contrib/features/gh-release"
    ]
}