{
    "id": "cue-asdf",
    "version": "2.0.14",
    "name": "CUE (via asdf)",
    "documentationURL": "http://github.com/devcontainers-contrib/features/tree/main/src/cue-asdf",
    "description": "CUE is an open source data constraint language which aims to simplify tasks involving defining and using data.",
    "options": {
        "version": {
            "default": "latest",
            "description": "Select the version to install.",
            "proposals": [
                "latest"
            ],
            "type": "string"
        }
    },
    "installsAfter": [
        "ghcr.io/devcontainers-contrib/features/asdf-package"
    ]
}