{
    "id": "angular-cli",
    "version": "2.0.14",
    "name": "Angular CLI (via npm)",
    "documentationURL": "http://github.com/devcontainers-contrib/features/tree/main/src/angular-cli",
    "description": "Angular CLI is a command-line interface tool that you use to initialize, develop, scaffold, and maintain Angular applications directly from a command shell.",
    "options": {
        "version": {
            "default": "latest",
            "description": "Select the version to install.",
            "proposals": [
                "latest"
            ],
            "type": "string"
        }
    },
    "installsAfter": [
        "ghcr.io/devcontainers-contrib/features/npm-package"
    ]
}