{
    "id": "doctoolchain-sdkman",
    "version": "2.0.14",
    "name": "docToolchain (via SDKMAN)",
    "documentationURL": "http://github.com/devcontainers-contrib/features/tree/main/src/doctoolchain-sdkman",
    "description": "docToolchain is an implementation of the docs-as-code approach for software\narchitecture plus some additional automation. The basis of docToolchain is the\nphilosophy that software documentation should be treated in the same way as code\ntogether with the arc42 template for software architecture.",
    "options": {
        "version": {
            "default": "latest",
            "description": "Select the version to install.",
            "proposals": [
                "latest"
            ],
            "type": "string"
        },
        "jdkVersion": {
            "default": "latest",
            "description": "Select or enter a JDK version to install.",
            "proposals": [
                "latest",
                "none",
                "17",
                "11",
                "8"
            ],
            "type": "string"
        },
        "jdkDistro": {
            "default": "ms",
            "description": "Select or enter a JDK distribution to install",
            "proposals": [
                "ms",
                "open",
                "oracle",
                "tem"
            ],
            "type": "string"
        }
    },
    "installsAfter": [
        "ghcr.io/ebaskoro/devcontainer-features/sdkman",
        "ghcr.io/devcontainers/features/java"
    ]
}