{
    "id": "expo-cli",
    "version": "1.0.9",
    "name": "Expo CLI (via npm)",
    "documentationURL": "http://github.com/devcontainers-contrib/features/tree/main/src/expo-cli",
    "description": "The Expo CLI is a command-line tool that is the primary interface between a developer and other Expo tools.",
    "options": {
        "version": {
            "default": "latest",
            "description": "Select the version of Expo CLI to install.",
            "proposals": [
                "latest"
            ],
            "type": "string"
        }
    },
    "installsAfter": [
        "ghcr.io/devcontainers-contrib/features/npm-package"
    ]
}