{
    "id": "ansible",
    "version": "2.0.16",
    "name": "Ansible (via pipx)",
    "documentationURL": "http://github.com/devcontainers-contrib/features/tree/main/src/ansible",
    "description": "Ansible is a suite of software tools that enables infrastructure as code.",
    "options": {
        "version": {
            "default": "latest",
            "description": "Select the version to install.",
            "proposals": [
                "latest"
            ],
            "type": "string"
        }
    },
    "installsAfter": [
        "ghcr.io/devcontainers-contrib/features/pipx-package",
        "ghcr.io/devcontainers/features/python"
    ]
}