{
    "id": "elm-asdf",
    "version": "2.0.14",
    "name": "Elm (via asdf)",
    "documentationURL": "http://github.com/devcontainers-contrib/features/tree/main/src/elm-asdf",
    "description": "Elm is a domain-specific programming language for declaratively creating web browser-based graphical user interfaces.",
    "options": {
        "version": {
            "default": "latest",
            "description": "Select the version to install.",
            "proposals": [
                "latest"
            ],
            "type": "string"
        }
    },
    "installsAfter": [
        "ghcr.io/devcontainers-contrib/features/asdf-package"
    ]
}