{
    "id": "assemblyscript",
    "version": "2.0.14",
    "name": "AssemblyScript (via npm)",
    "documentationURL": "http://github.com/devcontainers-contrib/features/tree/main/src/assemblyscript",
    "description": "AssemblyScript compiles a variant of TypeScript to WebAssembly using Binaryen.",
    "options": {
        "version": {
            "default": "latest",
            "description": "Select the version to install.",
            "proposals": [
                "latest"
            ],
            "type": "string"
        }
    },
    "installsAfter": [
        "ghcr.io/devcontainers-contrib/features/npm-package"
    ]
}