{
    "id": "buku",
    "version": "1.0.3",
    "name": "buku (via pipx)",
    "documentationURL": "http://github.com/devcontainers-contrib/features/tree/main/src/buku",
    "description": "buku is a powerful bookmark manager and a personal textual mini-web.",
    "options": {
        "version": {
            "default": "latest",
            "description": "Select the version to install.",
            "proposals": [
                "latest"
            ],
            "type": "string"
        }
    },
    "installsAfter": [
        "ghcr.io/devcontainers-contrib/features/pipx-package",
        "ghcr.io/devcontainers/features/python"
    ]
}