{
    "id": "direnv-asdf",
    "version": "2.0.14",
    "name": "direnv (via asdf)",
    "documentationURL": "http://github.com/devcontainers-contrib/features/tree/main/src/direnv-asdf",
    "description": "direnv is an extension for your shell. It augments existing shells with a new feature that can load and unload environment variables depending on the current directory.",
    "options": {
        "version": {
            "default": "latest",
            "description": "Select the version to install.",
            "proposals": [
                "latest"
            ],
            "type": "string"
        }
    },
    "installsAfter": [
        "ghcr.io/devcontainers-contrib/features/asdf-package"
    ]
}