{
    "id": "elixir-asdf",
    "version": "2.0.18",
    "name": "Elixir (via asdf)",
    "documentationURL": "http://github.com/devcontainers-contrib/features/tree/main/src/elixir-asdf",
    "description": "Elixir is a functional, concurrent, general-purpose programming language that runs on the BEAM virtual machine which is also used to implement the Erlang programming language.",
    "options": {
        "elixirVersion": {
            "default": "latest",
            "description": "Select the version to install.",
            "proposals": [
                "latest"
            ],
            "type": "string"
        },
        "erlangVersion": {
            "default": "latest",
            "description": "Select the version to install.",
            "proposals": [
                "latest"
            ],
            "type": "string"
        }
    },
    "installsAfter": [
        "ghcr.io/devcontainers-contrib/features/apt-get-packages",
        "ghcr.io/devcontainers-contrib/features/asdf-package"
    ]
}