{
    "id": "black",
    "version": "2.0.16",
    "name": "Black (via pipx)",
    "documentationURL": "http://github.com/devcontainers-contrib/features/tree/main/src/black",
    "description": "Black is an uncompromising Python code formatter.",
    "options": {
        "version": {
            "default": "latest",
            "description": "Select the version to install.",
            "proposals": [
                "latest"
            ],
            "type": "string"
        }
    },
    "installsAfter": [
        "ghcr.io/devcontainers-contrib/features/pipx-package",
        "ghcr.io/devcontainers/features/python"
    ]
}